token,degree_centrality
use,292
include,176
information,151
service,144
help,138
access,131
work,129
get,119
need,119
support,112
create,112
user,106
provide,103
like,97
time,93
set,92
share,92
change,88
make,87
desktop,86
cloud,86
available,81
account,79
mobile,79
send,74
add,71
data,70
see,69
device,69
plan,67
learn,67
tool,61
acrobat,60
file,60
screen,59
page,59
find,55
offer,54
medium,53
tablet,53
document,49
setting,49
home,49
feature,49
business,49
contact,48
message,48
number,48
request,47
customer,46
might,46
member,46
product,45
additional,44
pro,43
sign,43
guest,43
stay,41
article,41
host,40
laptop,40
example,40
free,39
update,39
phone,38
policy,38
software,35
process,35
place,35
want,35
experience,34
receive,34
people,34
apply,33
way,33
helpful,33
please,32
start,32
subscription,32
report,32
security,31
listing,31
require,31
list,30
paid,30
content,30
open,30
chat,30
fee,29
check,29
standard,29
management,28
store,28
contain,28
note,27
follow,27
integrate,27
detail,26
space,26
select,26
visit,26
system,25
book,25
membership,25
control,25
purchase,25
team,24
publication,24
reservation,24
option,24
sustainability,24
resource,23
take,22
manage,21
email,21
area,21
within,21
group,19
view,19
impact,19
company,19
reader,18
type,18
web,18
performance,17
calendar,17
edit,17
many,17
base,16
action,16
play,16
android,16
day,16
protect,16
keep,16
choose,16
download,15
version,15
online,15
solution,15
address,14
game,14
understand,14
premium,14
different,14
know,14
across,13
privacy,13
form,13
show,13
link,13
tip,12
connect,12
sure,12
cancellation,12
value,12
benefit,12
right,12
social,11
organization,11
run,11
fill,11
google,11
key,11
platform,10
current,10
review,10
financial,10
founder,10
payment,10
easy,10
environmental,10
global,10
local,10
hour,10
upgrade,9
ultimate,9
application,9
let,9
name,9
operation,9
track,9
requirement,9
remove,9
search,9
storage,9
two,9
personal,8
reduce,8
build,8
text,8
secure,8
specific,8
image,8
allows,8
save,8
schematic,8
life,8
pas,7
give,7
must,7
community,7
pay,7
window,6
session,6
profile,6
ensure,6
country,6
cancel,6
click,6
best,6
domain,5
pricing,5
basic,5
call,5
step,5
carbon,5
convert,5
cost,5
offering,5
full,5
exist,5
info,5
every,5
party,5
allow,5
insight,5
threat,5
log,4
join,4
development,4
delete,4
intelligence,4
trial,4
collection,4
center,4
secret,4
case,4
tax,4
exchange,3
issue,3
mac,3
top,3
trust,3
property,3
code,3
button,3
sustainable,3
chain,3
price,3
creative,3
public,3
cover,3
relevant,3
organize,3
law,2
instruction,2
guide,2
multiple,2
format,2
goal,2
order,2
partner,2
meet,2
limit,2
workspace,2
term,2
associate,2
browser,2
source,2
single,2
signature,2
tap,2
capability,2
computer,2
charge,2
record,2
collaboration,2
comment,2
complete,2
collect,2
provision,2
determine,2
date,2
late,2
addition,2
scale,2
sent,2
protection,2
result,2
employee,2
possible,2
either,2
enable,2
emission,2
annual,1
analysis,1
part,1
object,1
network,1
notification,1
generate,1
high,1
history,1
music,1
mean,1
method,1
minute,1
another,1
license,1
video,1
hub,1
instant,1
verify,1
essential,1
event,1
enter,1
encryption,1
end-to-end,1
password,1
encrypt,1
preference,1
default,1
entire,1
practice,1
difference,1
developer,1
due,1
project,1
scan,1
related,1
risk,1
sale,1
repository,1
continue,1
creation,1
custom,1
rate,1
reason,1
question,1
server,1
compare,1
communication,1
confidence,1
consider,1
client,1
specify,1
come,1
commit,1
task,1
supply,1
automate,1
ask,1
template,1
technology,1
third,1
turn,1
accessible,1
able,1
world,1
write,1
